Workbook

Sheet PSV Tab
A1: First Name | B1: Middle Name | C1: Last Name | D1: EPDB PIN | E1: Provider Type | F1: Source Code | G1: Status Eff Date | H1: Maintained By | I1: Netid's | J1: License State | K1: LIC_TYPE_NM | L1: License ID | M1: LIC_EXPRTN_DT | N1: LIC_PRDEXPN_DT | O1: NPI_NO | P1: Service Location State | Q1: provider type
A2: Todd | B2: A | C2: Drexel | D2: 7049942 | E2: PH | F2: A | G2: 45947 | H2: AHP | I2: 187,1695,1717,4144,4148,8056,8186,8232,8232 | J2: KY | K2: STATE MEDICAL | L2: 03011 | M2: 2958465 | N2: 46081 | O2: 1437259108 | P2: AL,KY | Q2: =VLOOKUP(E30879,Sheet3!A:B,2,FALSE)
A3: Chris | B3: A. | C3: Covington | D3: 4663472 | E3: PH | F3: A | G3: 46073 | H3: AHP | I3: 511,1289,2249,2344,3262,3416,3779,3780,3781,3957,4144,4148,4632,4633,4634,4696 | J3: KY | K3: STATE MEDICAL | L3: 02403 | M3: 2958465 | N3: 46081 | O3: 1164916862 | P3: IL,KY,MI | Q3: =VLOOKUP(E11150,Sheet3!A:B,2,FALSE)
A4: Pooja | C4: Mody | D4: 6066380 | E4: PH | F4: A | G4: 45975 | H4: AHP | I4: 355,588,589,1345,1995,2158,2159,2408,3264,3417,3670,3671,8232 | J4: NV | K4: STATE MEDICAL | L4: DO3284 | M4: 2958465 | N4: 46022 | O4: 1962762997 | P4: AZ,NV | Q4: =VLOOKUP(E18918,Sheet3!A:B,2,FALSE)
A5: Jakob | B5: L | C5: Mauer | D5: 8505096 | E5: SW | F5: A | G5: 45933 | H5: ABH | I5: 1993,1995,2158,2159,2408,3670,3671,4328,4329,11306,11307,11308 | J5: NV | K5: OPERATING | L5: 10450-C | M5: 2958465 | N5: 46053 | O5: 1467027649 | P5: NV | Q5: =VLOOKUP(E42944,Sheet3!A:B,2,FALSE)
A6: Sarah | B6: Ellen | C6: Repp | D6: 6482998 | E6: PT | F6: A | G6: 46150 | H6: AHP | I6: 1995,2158,2159,2408,3670,3671 | J6: NV | K6: OPERATING | L6: 4001 | M6: 2958465 | N6: 46151 | O6: 1588122758 | P6: NV | Q6: =VLOOKUP(E23946,Sheet3!A:B,2,FALSE)
A7: Samantha | B7: Kaye | C7: Goodwin | D7: 8197657 | E7: SW | F7: A | G7: 45996 | H7: LLP | I7: 21,21,433,433,1737,1737,1954,3532,4144,4148 | J7: KY | K7: OPERATING | L7: 257688 | M7: 2958465 | N7: 46066 | O7: 1407502602 | P7: IN,KY | Q7: =VLOOKUP(E38514,Sheet3!A:B,2,FALSE)
A8: Michael | C8: Holland | D8: 4688662 | E8: PH | F8: A | G8: 46024 | H8: AHP | I8: 528,690,2326,4144,4148,9025,9027,9028,9029,9034,9035,9036,9087,9090,9169,13046,13047 | J8: KY | K8: STATE MEDICAL | L8: 05713 | M8: 2958465 | N8: 46081 | O8: 1538423561 | P8: KY,MO | Q8: =VLOOKUP(E11295,Sheet3!A:B,2,FALSE)
A9: Zachary | B9: Cole | C9: Dowell | D9: 8947730 | E9: DC | F9: A | G9: 45891 | H9: AHP | I9: 21,433,1737,1954,4144,4148 | J9: KY | K9: OPERATING | L9: 282712 | M9: 2958465 | N9: 46128 | O9: 1568175677 | P9: KY | Q9: =VLOOKUP(E49897,Sheet3!A:B,2,FALSE)
A10: Linzi | B10: G | C10: Antos | D10: 8295384 | E10: SW | F10: A | G10: 45940 | H10: ABH | I10: 511,1289,2249,2344,2772,2773,2774,3058 | J10: KY | K10: OPERATING | L10: 257741 | M10: 2958465 | N10: 46082 | O10: 1124672084 | P10: KY | Q10: =VLOOKUP(E39909,Sheet3!A:B,2,FALSE)
A11: Marivelle | C11: Nunez-Rucker | D11: 4737585 | E11: MT | F11: A | G11: 45933 | H11: ABH | I11: 1995,2158,2159,2408,3058 | J11: NV | K11: OPERATING | L11: 01306 | M11: 2958465 | N11: 46023 | O11: 1336480730 | P11: NV | Q11: =VLOOKUP(E11775,Sheet3!A:B,2,FALSE)
A12: Chase | C12: Beal | D12: 8133518 | E12: PH | F12: A | G12: 45877 | H12: AHP | I12: 1995,2158,2159,2408,3670,3671,8232 | J12: NV | K12: STATE MEDICAL | L12: DO3897 | M12: 2958465 | N12: 46021 | O12: 1548889983 | P12: NV | Q12: =VLOOKUP(E37629,Sheet3!A:B,2,FALSE)
A13: Amber | B13: P | C13: Poynter | D13: 8169438 | E13: ST | F13: A | G13: 45989 | H13: AHP | I13: 4144,4148,8232 | J13: KY | K13: OPERATING | L13: 278847 | M13: 2958465 | N13: 46083 | O13: 1912572629 | P13: KY | Q13: =VLOOKUP(E38060,Sheet3!A:B,2,FALSE)
A14: Jeremy | C14: Farmer | D14: 8695808 | E14: DC | F14: A | G14: 45884 | H14: AHP | I14: 4144,4148 | J14: KY | K14: OPERATING | L14: 300621 | M14: 2958465 | N14: 46128 | O14: 1922999036 | P14: KY | Q14: =VLOOKUP(E45818,Sheet3!A:B,2,FALSE)
A15: Michael | B15: C | C15: Hendrickson | D15: 8060731 | E15: PT | F15: A | G15: 46108 | H15: AHP | I15: 1993,4328,4329,11306,11307,11308 | J15: NV | K15: OPERATING | L15: 5171 | M15: 2958465 | N15: 46185 | O15: 1578244612 | P15: NV | Q15: =VLOOKUP(E36563,Sheet3!A:B,2,FALSE)
A16: Katherine | B16: Leann | C16: Tackett | D16: 6000098 | E16: PH | F16: A | G16: 46024 | H16: AHP | I16: 156,1557,1558,1559,4144,4148 | J16: KY | K16: STATE MEDICAL | L16: 04007 | M16: 2958465 | N16: 46081 | O16: 1992115562 | P16: KY | Q16: =VLOOKUP(E18120,Sheet3!A:B,2,FALSE)
A17: Lauren | C17: Blank | D17: 8419788 | E17: LPC | F17: A | G17: 45940 | H17: AHP | I17: 1995,2158,2159,2408,3058,8232,8335,9510,9511,9512 | J17: NV | K17: OPERATING | L17: CP5843 | M17: 2958465 | N17: 46023 | O17: 1891440442 | P17: NV | Q17: =VLOOKUP(E41842,Sheet3!A:B,2,FALSE)
A18: Gregory | B18: S. | C18: Thomas | D18: 7607778 | E18: DC | F18: A | G18: 45877 | H18: AHP | I18: 21,433,1737,1954 | J18: KY | K18: OPERATING | L18: 249593 | M18: 2958465 | N18: 46128 | O18: 1851310460 | P18: KY | Q18: =VLOOKUP(E33833,Sheet3!A:B,2,FALSE)
A19: Nawar | C19: Soda | D19: 9312409 | E19: PH | F19: A | G19: 46066 | H19: AHP | I19: 511,1289,2249,2344,4144,4148,8232 | J19: KY | K19: STATE MEDICAL | L19: 41992 | M19: 2958465 | N19: 46081 | O19: 1083812598 | P19: KY | Q19: =VLOOKUP(E52605,Sheet3!A:B,2,FALSE)
A20: Carl | C20: Seger | D20: 9420399 | E20: PH | F20: A | G20: 45919 | H20: AHP | I20: 74,101,209,226,244,257,511,1289,2089,2249,2344,3952,3953,3998,3999,4000,4144,4148,4159,4163,4222,8232 | J20: KY | K20: STATE MEDICAL | L20: 56216 | M20: 2958465 | N20: 46081 | O20: 1699957308 | P20: CA,CO,KY,OR | Q20: =VLOOKUP(E53298,Sheet3!A:B,2,FALSE)
A21: Katherine | C21: Hamilton | D21: 9179328 | E21: PAS | F21: A | G21: 45947 | H21: AHP | I21: 21,21,433,433,1737,1737,1954,1954,3532,4144,4145,4148,4149 | J21: KY | K21: OPERATING | L21: PA1022 | M21: 2958465 | N21: 46112 | O21: 1750369633 | P21: IN,KY | Q21: =VLOOKUP(E51780,Sheet3!A:B,2,FALSE)
A22: Kyung Hyun | C22: Lee | D22: 1295837 | E22: PH | F22: A | G22: 46003 | H22: AHP | I22: 1995,2158,2159,2408,3670,3671,8232 | J22: NV | K22: STATE MEDICAL | L22: DO3980 | M22: 2958465 | N22: 46022 | O22: 1679100739 | P22: NV | Q22: =VLOOKUP(E833,Sheet3!A:B,2,FALSE)
A23: Scott | C23: Moore | D23: 9600364 | E23: PH | F23: A | G23: 45884 | H23: AHP | I23: 156,1557,1558,1559,3418,4144,4148,8232 | J23: KY | K23: STATE MEDICAL | L23: 43859 | M23: 2958465 | N23: 46081 | O23: 1558414441 | P23: KY | Q23: =VLOOKUP(E54520,Sheet3!A:B,2,FALSE)
A24: Sherrie | B24: A. | C24: Shivok | D24: 6462493 | E24: LPC | F24: A | G24: 46143 | H24: ABH | I24: 24,64,72,128,138,140,214,243,408,486,557,558,562,563,564,638,1217,1300,1301,1339,1340,1341,1669,1979,1980,1981,1982,1983,1984,2151,2152,2153,2341,2342,2833,3058,3058,3532,3533,3534,3552,3553,3572,3610,4145,4149,8232,8232,9750 | J24: NV | K24: OPERATING | L24: CP5899-R | M24: 2958465 | N24: 46023 | O24: 1851865281 | P24: IN,PA | Q24: =VLOOKUP(E23705,Sheet3!A:B,2,FALSE)
A25: Nicole | C25: Safford | D25: 8773760 | E25: MT | F25: A | G25: 45863 | H25: ABH | I25: 1993,1995,2158,2159,2408,3058,3670,3671,4328,4329,11306,11307,11308 | J25: NV | K25: OPERATING | L25: MI4172 | M25: 2958465 | N25: 45993 | O25: 1093166936 | P25: NV | Q25: =VLOOKUP(E47006,Sheet3!A:B,2,FALSE)
A26: Gustavo | B26: Salathiel | C26: Reyes Sanchez | D26: 3789343 | E26: SW | F26: A | G26: 45926 | H26: ABH | I26: 1995,2158,2159,2408,3058,3670,3671 | J26: NV | K26: OPERATING | L26: 11294-M | M26: 2958465 | N26: 45991 | O26: 1679217921 | P26: NV | Q26: =VLOOKUP(E7930,Sheet3!A:B,2,FALSE)
A27: Milagros | C27: Severin-Ruiz | D27: 8290412 | E27: MT | F27: A | G27: 45919 | H27: AHP | I27: 1995,2158,2159,2408,3058,8232 | J27: NV | K27: OPERATING | L27: 2632 | M27: 2958465 | N27: 46023 | O27: 1982808960 | P27: NV | Q27: =VLOOKUP(E39841,Sheet3!A:B,2,FALSE)
A28: Ryan | B28: P | C28: Finnan | D28: 9477546 | E28: PH | F28: A | G28: 45891 | H28: AHP | I28: 156,156,1557,1557,1558,1558,1559,1559,3265,3265,3418,3418,3535,4144,4148,8232 | J28: KY | K28: STATE MEDICAL | L28: 50997 | M28: 2958465 | N28: 46081 | O28: 1366576233 | P28: KY,OH | Q28: =VLOOKUP(E53716,Sheet3!A:B,2,FALSE)
A29: James | B29: J | C29: Zubernis | D29: 4474124 | E29: PH | F29: A | G29: 45863 | H29: AHP | I29: 1993,4328,4329,11306,11307,11308 | J29: NV | K29: STATE MEDICAL | L29: DO3250 | M29: 2958465 | N29: 46022 | O29: 1609974385 | P29: NV | Q29: =VLOOKUP(E10599,Sheet3!A:B,2,FALSE)
A30: Andrea | C30: Blin | D30: 8291459 | E30: SW | F30: A | G30: 46049 | H30: ABH | I30: 24,60,75,221,243,389,638,1993,1995,2144,2158,2159,2408,3537,3670,3671,3779,3780,3781,4328,4329,4410,4411,9044,9063,9663,9691,9692,9693,11306,11307,11308 | J30: NV | K30: OPERATING | L30: 8882-C | M30: 2958465 | N30: 45747 | O30: 1477033082 | P30: IL,NV | Q30: =VLOOKUP(E39856,Sheet3!A:B,2,FALSE)
A31: Stephanie | B31: Lauren | C31: Feeney | D31: 5844861 | E31: SW | F31: A | G31: 45912 | H31: ABH | I31: 1993,8232,11306,11307,11308 | J31: NV | K31: OPERATING | L31: 7201-C | M31: 2958465 | N31: 46142 | O31: 1548618697 | P31: NV | Q31: =VLOOKUP(E17492,Sheet3!A:B,2,FALSE)
A32: Khai | B32: C. | C32: Truong | D32: 7616697 | E32: PH | F32: A | G32: 45996 | H32: AHP | I32: 1995,2158,2159,2408 | J32: KY | K32: STATE MEDICAL | L32: 39284 | M32: 2958465 | N32: 46082 | O32: 1003892548 | P32: NV | Q32: =VLOOKUP(E33882,Sheet3!A:B,2,FALSE)
A33: Hannah | B33: K. | C33: Sither | D33: 2600812 | E33: SW | F33: A | G33: 45961 | H33: ABH | I33: 21,156,433,511,1289,1558,1559,1737,1954,2249,2344,2772,2773,2774,3058,3535,4144,4148,8232 | J33: KY | K33: OPERATING | L33: 257611 | M33: 2958465 | N33: 46039 | O33: 1215728134 | P33: KY | Q33: =VLOOKUP(E4638,Sheet3!A:B,2,FALSE)
A34: James | B34: A. | C34: Bertone | D34: 7546171 | E34: SW | F34: A | G34: 46059 | H34: ABH | I34: 1993,8232,11306,11307,11308 | J34: NV | K34: OPERATING | L34: 2821-C | M34: 2958465 | N34: 46173 | O34: 1699870758 | P34: NV | Q34: =VLOOKUP(E33492,Sheet3!A:B,2,FALSE)
A35: Emily | B35: Mendaros | C35: Powers | D35: 5855955 | E35: SW | F35: A | G35: 46115 | H35: AHP | I35: 1993,1995,3058,8232,11306,11307,11308 | J35: NV | K35: OPERATING | L35: 6216-C | M35: 2958465 | N35: 46142 | O35: 1538355383 | P35: NV | Q35: =VLOOKUP(E17534,Sheet3!A:B,2,FALSE)
A36: Angela | C36: Mathew | D36: 7573385 | E36: MT | F36: A | G36: 45996 | H36: ABH | I36: 21,21,64,64,72,72,89,89,138,138,355,357,391,433,433,483,484,511,511,588,589,1289,1289,1300,1300,1301,1301,1344,1345,1737,1737,1751,1785,1954,1954,1960,1977,1993,1995,2104,2105,2106,2158,2159,2249,2249,2341,2341,2342,2342,2344,2344,2399,2399,2401,2401,2408,2475,2475,2772,2772,2773,2773,2774,2774,2833,2833,2846,3058,3058,3058,3058,3532,3532,3533,3533,3534,3534,3535,3535,3536,3536,3552,3552,3553,3553,3572,3572,3578,3610,3610,3670,3671,4144,4148,4328,4329,7864,7864,7865,7865,7866,7866,8232,8232,8232,8335,8335,8336,8336,8337,8337,8338,8338,8578,8578,8701,8701,9510,9510,9511,9511,9512,9512,9750,9750,11306,11307,11308 | J36: NV | K36: OPERATING | L36: 4700-R | M36: 2958465 | N36: 46023 | O36: 1144237868 | P36: IN,KS,KY,ME,NV,NY,UT | Q36: =VLOOKUP(E33643,Sheet3!A:B,2,FALSE)
A37: Amber | C37: Peace | D37: 6010588 | E37: PH | F37: A | G37: 46010 | H37: AHP | I37: 2772,2773,2774,4144,4148 | J37: KY | K37: STATE MEDICAL | L37: 04227 | M37: 2958465 | N37: 46081 | O37: 1902162167 | P37: KY | Q37: =VLOOKUP(E18213,Sheet3!A:B,2,FALSE)
A38: Leah | C38: Gardner | D38: 6079878 | E38: MT | F38: A | G38: 45912 | H38: ABH | I38: 1995,2158,2159,2408 | J38: NV | K38: OPERATING | L38: CP5050 | M38: 2958465 | N38: 46023 | O38: 1891210977 | P38: NV | Q38: =VLOOKUP(E19099,Sheet3!A:B,2,FALSE)
A39: Selin | C39: Santos | D39: 6568071 | E39: CP | F39: A | G39: 45877 | H39: ABH | I39: 24,25,33,35,41,47,54,65,66,67,74,86,94,98,102,109,110,133,136,143,147,199,221,227,233,243,244,257,338,345,385,386,387,394,396,397,399,402,407,411,437,445,447,448,449,454,482,604,606,612,631,638,640,641,1218,1219,1256,1291,1314,1352,1449,1450,1549,1561,1562,1564,1716,1830,1832,1890,1931,1939,1961,1962,1967,1968,1970,1975,1989,1990,2089,2111,2112,2156,2274,2275,2282,2283,2284,2285,2286,2521,2522,2530,2531,2570,2571,2572,2663,2841,3058,3058,3058,3196,3197,3198,3200,3201,3202,3214,3222,3237,3238,3239,3267,3395,3408,3411,3412,3413,3419,3536,3575,3891,3892,3893,3920,3998,3999,4000,4225,4226,4233,4234,4244,4477,4703,5240,5241,8232,8232,8232,8232,8232,8232,8232,8232,8298,8299,9166,13671,13672 | J39: NV | K39: OPERATING | L39: PSYPACT18696 | M39: 2958465 | N39: 46173 | O39: 1285163543 | P39: CO,CT,FL,IL,KS,NC,NJ,TX,VA,WA | Q39: =VLOOKUP(E24918,Sheet3!A:B,2,FALSE)
A40: Halley | C40: Stamm | D40: 8149941 | E40: LPC | F40: A | G40: 45912 | H40: AHP | I40: 73,156,511,582,1289,1465,1466,1558,1559,2249,2344,2772,2773,2774,3058 | J40: KY | K40: OPERATING | L40: 281763 | M40: 2958465 | N40: 46022 | O40: 1730667742 | P40: KY | Q40: =VLOOKUP(E37850,Sheet3!A:B,2,FALSE)
A41: Thomas | B41: J. | C41: Hellyer Jr | D41: 6849256 | E41: DT | F41: A | G41: 45877 | H41: AHP | I41: 1993,1995,2158,2159,2408,3670,3671,4328,4329,11306,11307,11308 | J41: NV | K41: OPERATING | L41: 39673-D1-2 | M41: 2958465 | N41: 45979 | O41: 1730655903 | P41: NV | Q41: =VLOOKUP(E28477,Sheet3!A:B,2,FALSE)
A42: Nzinga | C42: Lawrence | D42: 6365973 | E42: LPC | F42: A | G42: 46066 | H42: ABH | I42: 98,98,385,385,386,387,411,641,1218,1219,1219,1256,1449,1450,1955,1961,1962,1965,1966,1975,1993,1995,2158,2159,2408,2663,3058,3058,3058,3058,3058,8232,11306,11307,11308,13671,13672 | J42: NV | K42: OPERATING | L42: CP5002-R | M42: 2958465 | N42: 46023 | O42: 1205304177 | P42: CT,DC,MD,NJ,NV | Q42: =VLOOKUP(E22670,Sheet3!A:B,2,FALSE)
A43: Rebecca | B43: S. | C43: Sinai | D43: 9340537 | E43: PH | F43: A | G43: 45849 | H43: AHP | I43: 1995,2158,2159,2408,3670,3671 | J43: NV | K43: STATE MEDICAL | L43: 1261 | M43: 2958465 | N43: 46022 | O43: 1699819631 | P43: NV | Q43: =VLOOKUP(E52786,Sheet3!A:B,2,FALSE)
A44: Maria | C44: Kapetanios-Fountoulakis | D44: 8525814 | E44: PH | F44: A | G44: 45898 | H44: AHP | I44: 1995,2158,2159,2408,3670,3671 | J44: NV | K44: STATE MEDICAL | L44: DO3905 | M44: 2958465 | N44: 46022 | O44: 1538891619 | P44: NV | Q44: =VLOOKUP(E43207,Sheet3!A:B,2,FALSE)
A45: Karen | B45: L. | C45: Westbrooks | D45: 9766449 | E45: MT | F45: A | G45: 46038 | H45: ABH | I45: 21,8232 | J45: KY | K45: OPERATING | L45: 105087 | M45: 2958465 | N45: 46173 | O45: 1871765776 | P45: KY | Q45: =VLOOKUP(E55527,Sheet3!A:B,2,FALSE)
A46: Shivani | C46: Sadwal | D46: 1776580 | E46: PH | F46: A | G46: 45954 | H46: AHP | I46: 511,1289,2249,2344,4144,4148 | J46: KY | K46: STATE MEDICAL | L46: 06182 | M46: 2958465 | N46: 46081 | O46: 1508430117 | P46: KY | Q46: =VLOOKUP(E2207,Sheet3!A:B,2,FALSE)
A47: Tyler | C47: Tewilliager | D47: 6281460 | E47: DP | F47: A | G47: 45856 | H47: AHP | I47: 21,433,1737,1954,3617,3618,3619,3626,3627,3628,4144,4148,4299,4300,8232,8647,8650 | J47: KY | K47: OPERATING | L47: 282269 | M47: 2958465 | N47: 46022 | O47: 1295230118 | P47: KY,LA | Q47: =VLOOKUP(E21663,Sheet3!A:B,2,FALSE)
A48: Melinda | B48: D | C48: Lira | D48: 2715044 | E48: LPC | F48: A | G48: 45982 | H48: ABH | I48: 1993,1995,2158,2159,2408,3058,3670,3671,4328,4329,8232,11306,11307,11308 | J48: NV | K48: OPERATING | L48: CP6045 | M48: 2958465 | N48: 46023 | O48: 1598574329 | P48: NV | Q48: =VLOOKUP(E4962,Sheet3!A:B,2,FALSE)
A49: Tu-Chinh | C49: Leduc | D49: 6001149 | E49: PH | F49: A | G49: 45954 | H49: AHP | I49: 1993,11306,11307,11308 | J49: NV | K49: STATE MEDICAL | L49: DO3269 | M49: 2958465 | N49: 46022 | O49: 1528484391 | P49: NV | Q49: =VLOOKUP(E18131,Sheet3!A:B,2,FALSE)
A50: Jennifer | C50: Johnson | D50: 8727083 | E50: SH | F50: A | G50: 45856 | H50: AHP | I50: 511,1289,2249,2344,4144,4148,8232 | J50: KY | K50: OPERATING | L50: 142443 | M50: 2958465 | N50: 46083 | O50: 1568787018 | P50: KY | Q50: =VLOOKUP(E46270,Sheet3!A:B,2,FALSE)
A51: Dean | C51: Phillips | D51: 5868753 | E51: PH | F51: A | G51: 45856 | H51: AHP | I51: 54,143,483,484,604,1549,1785,1832,1976,1977,2282,2521,2522,3121,3238,3239,3405,3412,3413,3729,4439,8232,10736,10737 | J51: KY | K51: STATE MEDICAL | L51: 05753 | M51: 2958465 | N51: 46081 | O51: 1962491118 | P51: FL,NY | Q51: =VLOOKUP(E17596,Sheet3!A:B,2,FALSE)
A52: Melissa | B52: M | C52: Hale | D52: 9746518 | E52: PAS | F52: A | G52: 45940 | H52: AHP | I52: 511,1289,2249,2344,4144,4148,8232 | J52: KY | K52: OPERATING | L52: PA1567 | M52: 2958465 | N52: 46112 | O52: 1063640985 | P52: KY | Q52: =VLOOKUP(E55440,Sheet3!A:B,2,FALSE)
A53: Lilliam | C53: Rodriguez | D53: 6896941 | E53: CP | F53: A | G53: 46185 | H53: ABH | I53: 199,357,387,391,397,411,483,484,641,1344,1785,1960,1962,1976,1977,2043,2156,2285,3121,3237,3397,3405,3411,3539,3722,3729,4439,8232,8232,10736,10737 | J53: NV | K53: OPERATING | L53: 16990 | M53: 2958465 | N53: 45624 | O53: 1821375213 | P53: CT,FL,NY | Q53: =VLOOKUP(E29202,Sheet3!A:B,2,FALSE)
A54: Tatyana | C54: Chatman | D54: 8707261 | E54: OT | F54: A | G54: 45905 | H54: AHP | I54: 1995,2158,2159,2408,3670,3671,8232 | J54: NV | K54: OPERATING | L54: OTA-2948 | M54: 2958465 | N54: 46102 | O54: 1184311458 | P54: NV | Q54: =VLOOKUP(E45981,Sheet3!A:B,2,FALSE)
A55: Khanh | C55: Nguyen | D55: 9959443 | E55: PH | F55: A | G55: 46157 | H55: AHP | I55: 11,24,24,61,64,73,88,98,98,98,109,124,133,136,137,140,156,173,179,182,187,221,223,234,240,243,243,248,338,339,355,357,385,385,385,386,387,391,393,407,408,411,414,450,454,482,542,552,582,586,588,589,606,607,622,624,631,632,633,638,638,639,640,641,777,1216,1217,1218,1219,1219,1219,1256,1300,1344,1345,1449,1450,1465,1466,1539,1557,1558,1559,1695,1717,1726,1877,1881,1956,1957,1960,1961,1962,1965,1965,1966,1967,1968,1970,1973,1974,1975,1979,1989,2043,2054,2341,2342,2480,2565,2570,2571,2572,2663,2839,2845,2918,2920,3120,3212,3214,3230,3231,3258,3261,3262,3264,3265,3267,3268,3395,3397,3401,3407,3409,3410,3414,3415,3416,3417,3418,3419,3420,3422,3533,3539,3574,3577,3611,3722,3766,3956,3957,3988,3989,3990,4066,4067,4107,4108,4145,4149,4217,4218,4228,4229,4235,4236,4258,4259,4260,4261,4262,4263,4277,4426,4484,4629,4630,4631,4632,4633,4634,4696,7893,7903,7908,8000,8056,8057,8058,8060,8186,8187,8188,8190,8232,8232,8232,8232,8232,8232,8232,8232,8232,8232,8232,8232,8232,8232,8232,8232,8845,13671,13672 | J55: KY | K55: STATE MEDICAL | L55: 03986 | M55: 2958465 | N55: 46082 | O55: 1780627976 | P55: AK,AL,AZ,CT,DC,DE,GA,IA,IL,IN,MA,MD,MI,NC,NH,NJ,NM,NY,OH,PA,SC,TX,VA | Q55: =VLOOKUP(E56598,Sheet3!A:B,2,FALSE)
A56: Monica | B56: Bryson | C56: Sewell | D56: 8160829 | E56: SW | F56: A | G56: 46150 | H56: ABH | I56: 511,1289,2249,2344,3058 | J56: KY | K56: OPERATING | L56: 257927 | M56: 2958465 | N56: 46159 | O56: 1588253074 | P56: KY | Q56: =VLOOKUP(E37936,Sheet3!A:B,2,FALSE)
A57: Neelam | C57: Almeqbeli | D57: 5926996 | E57: PH | F57: A | G57: 46010 | H57: AHP | I57: 1995,2158,2159,2408,3670,3671,8232 | J57: NV | K57: STATE MEDICAL | L57: DO1790 | M57: 2958465 | N57: 46022 | O57: 1134355159 | P57: NV | Q57: =VLOOKUP(E17814,Sheet3!A:B,2,FALSE)
A58: Brian | B58: Robert | C58: Clear | D58: 4768042 | E58: PH | F58: A | G58: 46010 | H58: AHP | I58: 24,25,33,35,41,47,50,52,54,61,65,66,67,73,74,75,86,88,89,92,94,97,98,98,102,109,110,124,128,130,133,136,137,140,143,145,147,156,173,177,178,179,181,182,185,187,190,197,199,214,217,221,223,227,233,238,242,243,244,248,255,257,304,338,339,345,346,351,355,357,385,385,387,391,394,395,396,397,398,399,402,404,407,408,411,414,437,438,445,447,448,449,450,454,469,482,483,484,486,506,511,542,545,550,552,554,557,558,562,563,564,574,578,582,586,588,589,604,606,607,608,612,616,617,622,623,631,632,633,636,638,640,641,666,667,692,695,758,759,773,777,1216,1217,1219,1219,1260,1288,1289,1291,1314,1315,1339,1340,1341,1342,1343,1344,1345,1352,1465,1466,1474,1486,1539,1549,1557,1558,1559,1561,1562,1564,1659,1669,1694,1695,1716,1717,1726,1751,1759,1762,1782,1785,1797,1830,1832,1877,1880,1890,1931,1939,1952,1956,1960,1962,1965,1966,1967,1968,1970,1973,1977,1979,1980,1981,1982,1983,1984,1988,1989,1990,1993,1995,2089,2104,2105,2106,2111,2112,2116,2117,2145,2146,2151,2152,2153,2156,2158,2159,2194,2249,2274,2275,2282,2283,2284,2285,2286,2324,2325,2327,2344,2347,2348,2349,2350,2399,2401,2408,2475,2521,2522,2530,2531,2565,2570,2571,2572,2573,2574,2580,2640,2641,2642,2755,2756,2758,2759,2760,2761,2762,2763,2764,2765,2766,2767,2768,2769,2770,2775,2776,2777,2779,2780,2781,2827,2831,2839,2841,2845,2846,2848,2906,2907,2908,2926,2927,2928,3024,3025,3026,3027,3028,3029,3030,3031,3032,3037,3038,3039,3120,3196,3197,3198,3200,3201,3202,3362,3363,3536,3537,3568,3571,3574,3575,3577,3578,3579,3595,3779,3780,3781,3891,3892,3893,3920,3988,3989,3990,3998,3998,3999,4000,4000,4100,4101,4102,4144,4148,4223,4341,4342,4343,4410,4411,4423,4424,4425,4426,4429,4430,4431,4629,4630,4631,4632,4633,4634,4635,4636,4637,4638,4639,4640,5240,5241,7411,7412,7413,7864,7865,7866,7867,7868,7869,7870,7871,7872,7873,7874,7875,7893,7895,7896,7897,7898,7901,7902,7903,7904,7906,7907,7908,8232,8232,8232,8298,8299,8336,8337,8338,8344,8345,8379,8380,8384,8578,8701,8704,8761,8845,9044,9063,9166,9513,9514,9515,9663,9691,9692,9693,10078,10079,11306,11307,11308,12971,12972,12973 | J58: NV | K58: STATE MEDICAL | L58: 20307 | M58: 2958465 | N58: 45838 | O58: 1154680668 | P58: AL,AZ,CA,CO,CT,DE,FL,IA,ID,IL,KS,KY,MA,MD,ME,MI,MS,NC,ND,NE,NM,NV,NY,OH,OR,PA,SC,SD,TN,TX,VA,VT,WA,WI,WV,WY | Q58: =VLOOKUP(E12081,Sheet3!A:B,2,FALSE)
A59: Edwin | B59: Boediono | C59: Liem | D59: 9598493 | E59: PH | F59: A | G59: 45947 | H59: AHP | I59: 21,21,138,433,433,1301,1737,1737,1954,1954,2341,4144,4144,4145,4148,4148,4149 | J59: KY | K59: STATE MEDICAL | L59: 36354 | M59: 2958465 | N59: 46081 | O59: 1952354623 | P59: IN,KY | Q59: =VLOOKUP(E54509,Sheet3!A:B,2,FALSE)
A60: Morgan | C60: Boyd | D60: 3412165 | E60: PT | F60: A | G60: 46122 | H60: AHP | I60: 1995,2158,2159,2408,3670,3671 | J60: NV | K60: OPERATING | L60: 6428 | M60: 2958465 | N60: 46173 | O60: 1710654520 | P60: NV | Q60: =VLOOKUP(E6809,Sheet3!A:B,2,FALSE)
A61: Sandeep | C61: Chhabra | D61: 9651659 | E61: PH | F61: A | G61: 45863 | H61: AHP | I61: 72,2833,3572,4144,4148 | J61: KY | K61: STATE MEDICAL | L61: 44237 | M61: 2958465 | N61: 46081 | O61: 1205887858 | P61: KY | Q61: =VLOOKUP(E54849,Sheet3!A:B,2,FALSE)
A62: Haley | C62: Evans | D62: 3147764 | E62: SW | F62: A | G62: 45926 | H62: ABH | I62: 21,433,511,1289,1737,1954,2249,2344,2399,2772,2773,2774,3535,4144,4148,8232 | J62: KY | K62: OPERATING | L62: 258024 | M62: 2958465 | N62: 46178 | O62: 1457172892 | P62: KY | Q62: =VLOOKUP(E6068,Sheet3!A:B,2,FALSE)
A63: Leticia | C63: Rojas | D63: 8851160 | E63: PH | F63: A | G63: 46010 | H63: AHP | I63: 1993,1995,2158,2159,2408,3670,3671,4328,4329,11306,11307,11308 | J63: NV | K63: STATE MEDICAL | L63: DO3241 | M63: 2958465 | N63: 46022 | O63: 1639674542 | P63: NV | Q63: =VLOOKUP(E48336,Sheet3!A:B,2,FALSE)
A64: Elizabeth | C64: Conyers | D64: 9662069 | E64: PAB | F64: A | G64: 45989 | H64: ABH | I64: 11,21,88,137,223,248,393,433,511,542,607,632,639,1289,1737,1954,1957,2249,2344,2772,2773,2774,3258,3268,3414,3420,3535,4144,4148,4262,4263,4426,8232,8232 | J64: KY | K64: OPERATING | L64: PA1654 | M64: 2958465 | N64: 46112 | O64: 1407873086 | P64: GA,KY,SC,TX | Q64: =VLOOKUP(E54912,Sheet3!A:B,2,FALSE)
A65: Lauren | B65: Elizabeth | C65: Ray | D65: 8169093 | E65: LPC | F65: A | G65: 45877 | H65: ABH | I65: 21,433,511,1289,1737,1954,2249,2344,2772,2773,2774,3535 | J65: KY | K65: OPERATING | L65: 264463 | M65: 2958465 | N65: 46022 | O65: 1134745532 | P65: KY | Q65: =VLOOKUP(E38055,Sheet3!A:B,2,FALSE)
A66: Jerry | B66: Paul | C66: Seiler | D66: 9349444 | E66: PH | F66: A | G66: 46087 | H66: AHP | I66: 21,21,433,433,1737,1737,1954,1954,3532,3534,4144,4144,4148,4148,8232,8232 | J66: KY | K66: STATE MEDICAL | L66: TP739 | M66: 2958465 | N66: 46149 | O66: 1821265869 | P66: IN,KY | Q66: =VLOOKUP(E52846,Sheet3!A:B,2,FALSE)
A67: Carlton | B67: Alexander | C67: Lee | D67: 5996990 | E67: PH | F67: A | G67: 46017 | H67: AHP | I67: 4144,4148,8232 | J67: KY | K67: STATE MEDICAL | L67: 03889 | M67: 2958465 | N67: 46081 | O67: 1396150413 | P67: KY | Q67: =VLOOKUP(E18108,Sheet3!A:B,2,FALSE)
A68: Suzanne | B68: Marie Vass | C68: Rashidian | D68: 9619924 | E68: PH | F68: A | G68: 45863 | H68: AHP | I68: 4144,4148,8232 | J68: KY | K68: STATE MEDICAL | L68: 03488 | M68: 2958465 | N68: 46081 | O68: 1033315189 | P68: KY | Q68: =VLOOKUP(E54652,Sheet3!A:B,2,FALSE)
A69: Lynda | C69: Pearman | D69: 9955468 | E69: LPC | F69: A | G69: 45842 | H69: ABH | I69: 21,433,511,1289,1737,1954,2249,2344,2772,2773,2774,3058,3535,4144,4148,8232 | J69: KY | K69: OPERATING | L69: 104483 | M69: 2958465 | N69: 46022 | O69: 1881756583 | P69: KY | Q69: =VLOOKUP(E56572,Sheet3!A:B,2,FALSE)
A70: Cole | B70: D. | C70: Bergeson | D70: 9862838 | E70: DC | F70: A | G70: 46066 | H70: AHP | I70: 511,1289,2249,2344,4144,4148,8232 | J70: KY | K70: OPERATING | L70: 249454 | M70: 2958465 | N70: 46128 | O70: 1386917466 | P70: KY | Q70: =VLOOKUP(E56011,Sheet3!A:B,2,FALSE)
A71: Holly | B71: Nicasio | C71: Osborn | D71: 2224482 | E71: SW | F71: A | G71: 45996 | H71: ABH | I71: 21,433,511,1289,1737,1954,2249,2344,2772,2773,2774,3535,4144,4148 | J71: KY | K71: OPERATING | L71: 298109 | M71: 2958465 | N71: 46186 | O71: 1932088390 | P71: KY | Q71: =VLOOKUP(E3553,Sheet3!A:B,2,FALSE)
A72: Jane | B72: E. | C72: Drenkhahn | D72: 5975214 | E72: PH | F72: A | G72: 45975 | H72: AHP | I72: 156,156,1557,1557,1558,1558,1559,1559,3265,3265,3418,3418,3535,4144,4148,8232,8232 | J72: KY | K72: STATE MEDICAL | L72: 41046 | M72: 2958465 | N72: 46081 | O72: 1316944382 | P72: KY,OH | Q72: =VLOOKUP(E18000,Sheet3!A:B,2,FALSE)
A73: Aiyyeimah | B73: Shawnique | C73: Berry | D73: 8136493 | E73: LPC | F73: A | G73: 45947 | H73: ABH | I73: 1993,1995,2158,2159,2408,3058,3670,3671,4328,4329,8232,11306,11307,11308 | J73: NV | K73: OPERATING | L73: CI5214 | M73: 2958465 | N73: 46003 | O73: 1407555238 | P73: NV | Q73: =VLOOKUP(E37677,Sheet3!A:B,2,FALSE)
A74: Bersabel | C74: Woldemariam | D74: 8865015 | E74: PH | F74: A | G74: 45954 | H74: AHP | I74: 1995,2158,2159,2408,3670,3671 | J74: NV | K74: STATE MEDICAL | L74: DO3351 | M74: 2958465 | N74: 46022 | O74: 1295362804 | P74: NV | Q74: =VLOOKUP(E48544,Sheet3!A:B,2,FALSE)
A75: Laurel | C75: Yoder | D75: 8334079 | E75: LPC | F75: A | G75: 45863 | H75: ABH | I75: 21,433,511,1289,1737,1954,2249,2344,2772,2773,2774,3535,4144,4148,8232 | J75: KY | K75: OPERATING | L75: 298150 | M75: 2958465 | N75: 46022 | O75: 1750016408 | P75: KY | Q75: =VLOOKUP(E40488,Sheet3!A:B,2,FALSE)
A76: Wesley | B76: E. | C76: Moore | D76: 6788340 | E76: PH | F76: A | G76: 46052 | H76: AHP | I76: 21,433,1737,1954,4144,4148 | J76: KY | K76: STATE MEDICAL | L76: 04255 | M76: 2958465 | N76: 46081 | O76: 1053792069 | P76: KY | Q76: =VLOOKUP(E27779,Sheet3!A:B,2,FALSE)
A77: Gene | B77: Robert | C77: Jefferies | D77: 6411228 | E77: LPC | F77: A | G77: 45849 | H77: ABH | I77: 1993,8232,11306,11307,11308 | J77: NV | K77: OPERATING | L77: CP0157 | M77: 2958465 | N77: 46023 | O77: 1144588575 | P77: MT,NV | Q77: =VLOOKUP(E23223,Sheet3!A:B,2,FALSE)
A78: Sarah | C78: McCartney | D78: 8239422 | E78: SW | F78: A | G78: 45989 | H78: AHP | I78: 61,73,97,156,156,242,304,414,582,633,773,1465,1466,1557,1558,1558,1559,1559,1877,3058,3058,3265,3417,3418,3535,3956,3957,4144,4148,4696,5052,8232,8232,9369,9370 | J78: KY | K78: OPERATING | L78: 257649 | M78: 2958465 | N78: 46055 | O78: 1679080865 | P78: KY,OH | Q78: =VLOOKUP(E39150,Sheet3!A:B,2,FALSE)
A79: Deja | B79: R | C79: Fuimaono | D79: 8620756 | E79: SW | F79: A | G79: 45891 | H79: AHP | I79: 1993,1995,2158,2159,2408,3670,3671,4328,4329,11306,11307,11308 | J79: NV | K79: OPERATING | L79: 8661-C | M79: 2958465 | N79: 46142 | O79: 1497028682 | P79: NV | Q79: =VLOOKUP(E44548,Sheet3!A:B,2,FALSE)
A80: Ronetta | B80: J. | C80: Yates | D80: 9403410 | E80: MT | F80: A | G80: 45968 | H80: AHP | I80: 1995,2158,2159,2408,3058 | J80: NV | K80: OPERATING | L80: 01036 | M80: 2958465 | N80: 46023 | O80: 1023155900 | P80: NV | Q80: =VLOOKUP(E53199,Sheet3!A:B,2,FALSE)
A81: Michael | C81: Dahle | D81: 6165251 | E81: PH | F81: A | G81: 45870 | H81: AHP | I81: 156,1557,1558,1559,3265,3418,3535,4144,4148,8232,10924 | J81: KY | K81: STATE MEDICAL | L81: 05015 | M81: 2958465 | N81: 46081 | O81: 1730541046 | P81: KY,OH | Q81: =VLOOKUP(E20250,Sheet3!A:B,2,FALSE)
A82: Jeremy | B82: David | C82: Havas | D82: 5312612 | E82: PH | F82: A | G82: 45926 | H82: AHP | I82: 11,24,25,35,47,101,102,110,118,133,209,221,226,227,243,338,357,391,393,396,399,402,407,449,470,528,638,639,640,690,1270,1314,1344,1352,1472,1473,1561,1832,1931,1939,1957,1960,1990,2043,2156,2284,2286,2321,2326,2906,2907,2908,3027,3028,3029,3214,3237,3238,3239,3262,3268,3395,3397,3411,3412,3413,3416,3420,4222,4224,4242,4243,4285,4286,8232,8232,8232,9169,13046,13047 | J82: KY | K82: STATE MEDICAL | L82: 03787 | M82: 2958465 | N82: 46081 | O82: 1750571287 | P82: AR,CA,FL,GA,IL,MO,NY,TX,VA | Q82: =VLOOKUP(E15447,Sheet3!A:B,2,FALSE)
A83: Ann | C83: Seastrand | D83: 3955258 | E83: SH | F83: A | G83: 45947 | H83: AHP | I83: 1995,2158,2159,2408,3670,3671,8232 | J83: NV | K83: OPERATING | L83: SP-2491 | M83: 2958465 | N83: 46044 | O83: 1508336553 | P83: NV | Q83: =VLOOKUP(E8431,Sheet3!A:B,2,FALSE)
A84: Tammy | C84: Hickman | D84: 8511900 | E84: LPC | F84: A | G84: 45856 | H84: AHP | I84: 2274,2772,2773,2774,4144,4148,8232 | J84: KY | K84: OPERATING | L84: 285132 | M84: 2958465 | N84: 46022 | O84: 1043586266 | P84: KY | Q84: =VLOOKUP(E43023,Sheet3!A:B,2,FALSE)
A85: Molly | C85: McGregor | D85: 2440018 | E85: SW | F85: A | G85: 46073 | H85: ABH | I85: 1993,1995,2158,2159,2408,3058,3670,3671,4328,4329,8232,11306,11307,11308 | J85: NV | K85: OPERATING | L85: 9389-M | M85: 2958465 | N85: 46173 | O85: 1851137129 | P85: NV | Q85: =VLOOKUP(E4128,Sheet3!A:B,2,FALSE)
A86: Aneel | C86: Ursani | D86: 6944667 | E86: PH | F86: A | G86: 46143 | H86: ABH | I86: 11,11,24,50,60,61,64,72,73,74,75,86,86,88,97,98,98,101,102,102,109,118,124,128,130,133,136,138,140,145,147,147,156,173,190,197,209,214,217,221,223,224,226,233,233,238,240,240,242,243,244,248,255,257,304,328,338,339,340,340,345,345,346,351,355,357,357,358,359,385,385,389,391,391,393,393,395,398,402,402,404,407,408,412,414,436,437,437,438,447,447,454,469,482,483,484,484,486,528,542,545,552,557,558,562,563,564,574,578,582,588,589,606,612,612,624,624,626,631,633,638,639,639,640,666,667,690,692,695,758,759,1217,1219,1219,1260,1291,1291,1300,1301,1314,1314,1339,1340,1341,1342,1344,1344,1345,1465,1466,1472,1473,1474,1486,1539,1557,1558,1559,1656,1669,1726,1751,1762,1782,1785,1785,1797,1812,1812,1877,1880,1881,1881,1952,1957,1957,1960,1960,1965,1966,1967,1968,1970,1973,1977,1977,1979,1980,1981,1982,1983,1984,1989,1989,1990,1990,1995,2043,2043,2044,2045,2054,2089,2090,2104,2104,2105,2105,2106,2106,2107,2110,2111,2111,2112,2112,2116,2117,2141,2144,2145,2146,2151,2152,2153,2158,2159,2274,2274,2275,2275,2324,2325,2326,2341,2342,2347,2348,2349,2350,2408,2526,2526,2565,2570,2571,2572,2573,2574,2580,2755,2756,2758,2759,2760,2761,2762,2763,2764,2765,2766,2767,2768,2769,2770,2775,2776,2777,2833,2846,2906,2907,2908,2926,2927,2928,3024,3025,3026,3027,3028,3029,3030,3031,3032,3037,3038,3039,3121,3121,3121,3200,3201,3202,3211,3212,3214,3258,3262,3264,3265,3267,3267,3268,3277,3395,3397,3397,3397,3399,3400,3401,3402,3404,3405,3405,3405,3406,3407,3414,3416,3417,3418,3419,3419,3420,3479,3510,3511,3515,3516,3532,3533,3534,3536,3537,3552,3553,3572,3578,3610,3726,3727,3729,3729,3729,3765,3765,3766,3766,3767,3767,3779,3780,3781,3836,3836,3837,3837,3838,3838,3891,3892,3893,3902,3902,3903,3903,3904,3904,3920,3952,3953,3998,3998,4000,4000,4066,4067,4068,4069,4100,4101,4102,4107,4108,4157,4157,4158,4158,4178,4179,4222,4223,4224,4225,4225,4226,4226,4227,4230,4231,4232,4235,4236,4242,4243,4244,4245,4246,4247,4248,4249,4256,4257,4258,4259,4260,4261,4281,4410,4411,4439,4439,4439,4477,4477,4703,4703,4705,5145,5146,5240,5240,5241,5241,5277,5278,7411,7412,7413,7426,7427,7428,7429,7430,7431,7432,7433,7540,7541,8192,8192,8232,8232,8232,8232,8232,8232,8298,8298,8299,8299,8384,8831,9044,9063,9166,9169,9663,9691,9692,9693,9750,10078,10079,10736,10737,11554,13043,13044,13046,13047 | J86: NV | K86: STATE MEDICAL | L86: 22203 | M86: 2958465 | N86: 45838 | O86: 1982085676 | P86: AZ,CA,CO,GA,IL,IN,KS,MA,MD,MI,MO,NC,NV,NY,OH,PA,TN,TX,VA,WA,WV | Q86: =VLOOKUP(E29834,Sheet3!A:B,2,FALSE)
A87: Kristen | B87: M. | C87: Nash | D87: 6272302 | E87: PH | F87: A | G87: 45982 | H87: AHP | I87: 2772,2773,2774,4144,4148 | J87: KY | K87: STATE MEDICAL | L87: 04813 | M87: 2958465 | N87: 46081 | O87: 1609308618 | P87: KY | Q87: =VLOOKUP(E21551,Sheet3!A:B,2,FALSE)
A88: William | B88: B. | C88: Helton | D88: 9832614 | E88: PH | F88: A | G88: 45968 | H88: AHP | I88: 156,511,1289,1558,1559,2249,2344,2772,2773,2774,4144,4148,4705 | J88: KY | K88: STATE MEDICAL | L88: 43550 | M88: 2958465 | N88: 46081 | O88: 1174786115 | P88: KY | Q88: =VLOOKUP(E55857,Sheet3!A:B,2,FALSE)
A89: Krystal | C89: Cuen | D89: 8414289 | E89: SW | F89: A | G89: 45891 | H89: ABH | I89: 1993,4328,4329,8232,11306,11307,11308 | J89: NV | K89: OPERATING | L89: 12511-C | M89: 2958465 | N89: 46081 | O89: 1629271226 | P89: NV | Q89: =VLOOKUP(E41736,Sheet3!A:B,2,FALSE)
A90: Lesley | B90: A | C90: Dotson | D90: 9279609 | E90: PH | F90: A | G90: 45961 | H90: AHP | I90: 2772,2773,2774,4144,4148,8232 | J90: KY | K90: STATE MEDICAL | L90: 42915 | M90: 2958465 | N90: 46081 | O90: 1720273105 | P90: KY | Q90: =VLOOKUP(E52412,Sheet3!A:B,2,FALSE)
A91: Laiken | C91: Hayes | D91: 6194208 | E91: PH | F91: A | G91: 45863 | H91: AHP | I91: 4144,4148 | J91: KY | K91: STATE MEDICAL | L91: 05341 | M91: 2958465 | N91: 46081 | O91: 1811458698 | P91: KY | Q91: =VLOOKUP(E20607,Sheet3!A:B,2,FALSE)
A92: Gary | B92: Chad | C92: Daniels | D92: 9530130 | E92: AU | F92: A | G92: 45891 | H92: AHP | I92: 1995,2158,2159,2408,3670,3671 | J92: NV | K92: OPERATING | L92: A-240 | M92: 2958465 | N92: 46022 | O92: 1518079235 | P92: NV | Q92: =VLOOKUP(E54045,Sheet3!A:B,2,FALSE)
A93: Lynn | B93: L | C93: Dyas | D93: 9227336 | E93: MT | F93: A | G93: 45975 | H93: ABH | I93: 1993,1995,2158,2159,2408,3058,11306,11307,11308 | J93: NV | K93: OPERATING | L93: 01028 | M93: 2958465 | N93: 46022 | O93: 1891813549 | P93: NV | Q93: =VLOOKUP(E52051,Sheet3!A:B,2,FALSE)
A94: Malisa | B94: Josephine | C94: Moss | D94: 4833006 | E94: PH | F94: A | G94: 45863 | H94: AHP | I94: 2772,2773,2774,4144,4148 | J94: KY | K94: STATE MEDICAL | L94: 04723 | M94: 2958465 | N94: 46081 | O94: 1508120247 | P94: KY | Q94: =VLOOKUP(E12682,Sheet3!A:B,2,FALSE)
A95: Paula | C95: Shannon | D95: 6439942 | E95: LPC | F95: A | G95: 45961 | H95: AHP | I95: 470,470,1270,1270,1995,2158,2159,2321,2321,2408,3058,3058 | J95: NV | K95: OPERATING | L95: 3059 | M95: 2958465 | N95: 46023 | O95: 1275937252 | P95: AR,NV | Q95: =VLOOKUP(E23497,Sheet3!A:B,2,FALSE)
A96: Trista | B96: Leann | C96: Weimer | D96: 6091098 | E96: PT | F96: A | G96: 46052 | H96: AHP | I96: 1995,2158,2159,2408,3670 | J96: NV | K96: OPERATING | L96: 5115 | M96: 2958465 | N96: 46142 | O96: 1659659951 | P96: NV | Q96: =VLOOKUP(E19279,Sheet3!A:B,2,FALSE)
A97: Arden | B97: M | C97: Acob | D97: 9674074 | E97: PH | F97: A | G97: 46003 | H97: AHP | I97: 4144,4148,8232 | J97: KY | K97: STATE MEDICAL | L97: 36306 | M97: 2958465 | N97: 46081 | O97: 1982614871 | P97: KY | Q97: =VLOOKUP(E54987,Sheet3!A:B,2,FALSE)
A98: Julie | B98: Ann | C98: Metzger | D98: 9490831 | E98: SW | F98: A | G98: 46003 | H98: AHP | I98: 21,433,1737,1954,3058 | J98: KY | K98: OPERATING | L98: 105403 | M98: 2958465 | N98: 46130 | O98: 1487780987 | P98: KY | Q98: =VLOOKUP(E53799,Sheet3!A:B,2,FALSE)
A99: Rhoda | B99: A. | C99: Akafuah | D99: 9415738 | E99: PH | F99: A | G99: 45919 | H99: AHP | I99: 511,1289,2249,2344,4144,4148,8232 | J99: KY | K99: STATE MEDICAL | L99: 44114 | M99: 2958465 | N99: 46081 | O99: 1154575504 | P99: KY | Q99: =VLOOKUP(E53269,Sheet3!A:B,2,FALSE)
A100: Amjad | C100: Nisar | D100: 9287249 | E100: PH | F100: A | G100: 45947 | H100: ABH | I100: 511,1289,2249,2344 | J100: KY | K100: STATE MEDICAL | L100: 36385 | M100: 2958465 | N100: 46081 | O100: 1972597292 | P100: KY | Q100: =VLOOKUP(E52452,Sheet3!A:B,2,FALSE)
...
